P1xpos,P1ypos,P1zpos,P1Heading,Targetxpos,Targetypos,Targetzpos,O1xpos,O1ypos,O1zpos,O2xpos,O2ypos,O2zpos,O3xpos,O3ypos,O3zpos,O4xpos,O4ypos,O4zpos,O5xpos,O5ypos,O5zpos,O6xpos,O6ypos,O6zpos,O7xpos,O7ypos,O7zpos,O8xpos,O8ypos,O8zpos,Space,LeftArrow,RightArrow,targethit,trialtime
-15.80003,1.1,-5.00349,-0.01745337,16,1,12,5.37,1,0.87,11.25,1,-2.7,1.64,1,14.11,10.81,1,7.28,-6.66,1,7.01,-10.64,1,-5.6,2.34,1,4.8,-5.34,1,-13.88,False,False,False,None,0
-15.60015,1.1,-5.01047,-0.03490668,16,1,12,5.369999,1,0.87,11.25,1,-2.7,1.639999,1,14.11,10.81,1,7.28,-6.66,1,7.01,-10.64,1,-5.6,2.34,1,4.8,-5.34,1,-13.88,False,False,False,None,0.02
-15.40043,1.1,-5.020937,-0.05236001,16,1,12,5.369999,1,0.87,11.25,1,-2.7,1.639999,1,14.11,10.81,1,7.28,-6.66,1,7.01,-10.64,1,-5.6,2.34,1,4.8,-5.34,1,-13.88,False,False,False,None,0.04
-15.20091,1.1,-5.034889,-0.0698132,16,1,12,5.369999,1,0.87,11.25,1,-2.7,1.639999,1,14.11,10.81,1,7.28,-6.66,1,7.01,-10.64,1,-5.6,2.34,1,4.8,-5.34,1,-13.88,False,False,False,None,0.06
-15.00168,1.1,-5.05232,-0.08726642,16,1,12,5.369999,1,0.87,11.25,1,-2.7,1.639999,1,14.11,10.81,1,7.28,-6.66,1,7.01,-10.64,1,-5.6,2.34,1,4.8,-5.34,1,-13.88,False,False,False,None,0.08
-15.00168,1.1,-5.05232,-0.0698132,16,1,12,5.369999,1,0.87,11.25,1,-2.7,1.639999,1,14.11,10.81,1,7.28,-6.66,1,7.01,-10.64,1,-5.6,2.34,1,4.8,-5.34,1,-13.88,False,False,False,None,0.09999999
-15.00168,1.1,-5.05232,-0.05236001,16,1,12,5.369999,1,0.87,11.25,1,-2.7,1.639999,1,14.11,10.81,1,7.28,-6.66,1,7.01,-10.64,1,-5.6,2.34,1,4.8,-5.34,1,-13.88,False,False,False,None,0.12
-15.00168,1.1,-5.05232,-0.03490668,16,1,12,5.369999,1,0.87,11.25,1,-2.7,1.639999,1,14.11,10.81,1,7.28,-6.66,1,7.01,-10.64,1,-5.6,2.34,1,4.8,-5.34,1,-13.88,False,False,False,None,0.14
-15.00168,1.1,-5.05232,-0.01745348,16,1,12,5.369999,1,0.87,11.25,1,-2.7,1.639999,1,14.11,10.81,1,7.28,-6.66,1,7.01,-10.64,1,-5.6,2.34,1,4.8,-5.34,1,-13.88,False,False,False,None,0.16
-15.00168,1.1,-5.05232,-1.192093E-07,16,1,12,5.369999,1,0.87,11.25,1,-2.7,1.639999,1,14.11,10.81,1,7.28,-6.66,1,7.01,-10.64,1,-5.6,2.34,1,4.8,-5.34,1,-13.88,False,False,False,None,0.18
-15.00168,1.1,-5.05232,0.01745312,16,1,12,5.369999,1,0.87,11.25,1,-2.7,1.639999,1,14.11,10.81,1,7.28,-6.66,1,7.01,-10.64,1,-5.6,2.34,1,4.8,-5.34,1,-13.88,False,False,False,None,0.2
-15.00168,1.1,-5.05232,0.0349065,16,1,12,5.369999,1,0.87,11.25,1,-2.7,1.639999,1,14.11,10.81,1,7.28,-6.66,1,7.01,-10.64,1,-5.6,2.34,1,4.8,-5.34,1,-13.88,False,False,False,None,0.22
-15.00168,1.1,-5.05232,0.05235978,16,1,12,5.369999,1,0.87,11.25,1,-2.7,1.639999,1,14.11,10.81,1,7.28,-6.66,1,7.01,-10.64,1,-5.6,2.34,1,4.8,-5.34,1,-13.88,False,False,False,None,0.24
-15.00168,1.1,-5.05232,0.06981296,16,1,12,5.369999,1,0.87,11.25,1,-2.7,1.639999,1,14.11,10.81,1,7.28,-6.66,1,7.01,-10.64,1,-5.6,2.34,1,4.8,-5.34,1,-13.88,False,False,False,None,0.26
-15.00168,1.1,-5.05232,0.0872663,16,1,12,5.369999,1,0.87,11.25,1,-2.7,1.639999,1,14.11,10.81,1,7.28,-6.66,1,7.01,-10.64,1,-5.6,2.34,1,4.8,-5.34,1,-13.88,False,False,False,None,0.28
-14.80277,1.1,-5.031415,0.1047195,16,1,12,5.369999,1,0.87,11.25,1,-2.7,1.639999,1,14.11,10.81,1,7.28,-6.66,1,7.01,-10.64,1,-5.6,2.34,1,4.8,-5.34,1,-13.88,False,False,False,None,0.3
-14.60426,1.1,-5.007041,0.1221728,16,1,12,5.369999,1,0.87,11.25,1,-2.7,1.639999,1,14.11,10.81,1,7.28,-6.66,1,7.01,-10.64,1,-5.6,2.34,1,4.8,-5.34,1,-13.88,False,False,False,None,0.32
-14.40621,1.1,-4.979206,0.1396262,16,1,12,5.369999,1,0.87,11.25,1,-2.7,1.639999,1,14.11,10.81,1,7.28,-6.66,1,7.01,-10.64,1,-5.6,2.34,1,4.8,-5.34,1,-13.88,False,False,False,None,0.34
-14.20867,1.1,-4.947919,0.1570795,16,1,12,5.369999,1,0.87,11.25,1,-2.7,1.639999,1,14.11,10.81,1,7.28,-6.66,1,7.01,-10.64,1,-5.6,2.34,1,4.8,-5.34,1,-13.88,False,False,False,None,0.36
-14.01171,1.1,-4.91319,0.1745329,16,1,12,5.369999,1,0.87,11.25,1,-2.7,1.639999,1,14.11,10.81,1,7.28,-6.66,1,7.01,-10.64,1,-5.6,2.34,1,4.8,-5.34,1,-13.88,False,False,False,None,0.38
-13.81538,1.1,-4.875028,0.1919862,16,1,12,5.369999,1,0.87,11.25,1,-2.7,1.639999,1,14.11,10.81,1,7.28,-6.66,1,7.01,-10.64,1,-5.6,2.34,1,4.8,-5.34,1,-13.88,False,False,False,None,0.4
-13.61976,1.1,-4.833446,0.2094394,16,1,12,5.369999,1,0.87,11.25,1,-2.7,1.639999,1,14.11,10.81,1,7.28,-6.66,1,7.01,-10.64,1,-5.6,2.34,1,4.8,-5.34,1,-13.88,False,False,False,None,0.42
-13.42488,1.1,-4.788456,0.2268927,16,1,12,5.369999,1,0.87,11.25,1,-2.7,1.639999,1,14.11,10.81,1,7.28,-6.66,1,7.01,-10.64,1,-5.6,2.34,1,4.8,-5.34,1,-13.88,False,False,False,None,0.44
-13.23082,1.1,-4.740072,0.244346,16,1,12,5.369999,1,0.87,11.25,1,-2.7,1.639999,1,14.11,10.81,1,7.28,-6.66,1,7.01,-10.64,1,-5.6,2.34,1,4.8,-5.34,1,-13.88,False,False,False,None,0.46
-13.03764,1.1,-4.688308,0.2617994,16,1,12,5.369999,1,0.87,11.25,1,-2.7,1.639999,1,14.11,10.81,1,7.28,-6.66,1,7.01,-10.64,1,-5.6,2.34,1,4.8,-5.34,1,-13.88,False,False,False,None,0.48
-12.84358,1.1,-4.639924,0.244346,16,1,12,5.369999,1,0.87,11.25,1,-2.7,1.639999,1,14.11,10.81,1,7.28,-6.66,1,7.01,-10.64,1,-5.6,2.34,1,4.8,-5.34,1,-13.88,False,False,False,None,0.5
-12.6487,1.1,-4.594934,0.2268927,16,1,12,5.369999,1,0.87,11.25,1,-2.7,1.639999,1,14.11,10.81,1,7.28,-6.66,1,7.01,-10.64,1,-5.6,2.34,1,4.8,-5.34,1,-13.88,False,False,False,None,0.52
-12.45308,1.1,-4.553351,0.2094394,16,1,12,5.369999,1,0.87,11.25,1,-2.7,1.639999,1,14.11,10.81,1,7.28,-6.66,1,7.01,-10.64,1,-5.6,2.34,1,4.8,-5.34,1,-13.88,False,False,False,None,0.54
-12.25675,1.1,-4.51519,0.1919862,16,1,12,5.369999,1,0.87,11.25,1,-2.7,1.639999,1,14.11,10.81,1,7.28,-6.66,1,7.01,-10.64,1,-5.6,2.34,1,4.8,-5.34,1,-13.88,False,False,False,None,0.56
-12.05979,1.1,-4.48046,0.1745329,16,1,12,5.369999,1,0.87,11.25,1,-2.7,1.639999,1,14.11,10.81,1,7.28,-6.66,1,7.01,-10.64,1,-5.6,2.34,1,4.8,-5.34,1,-13.88,False,False,False,None,0.58
-11.86225,1.1,-4.449173,0.1570795,16,1,12,5.369999,1,0.87,11.25,1,-2.7,1.639999,1,14.11,10.81,1,7.28,-6.66,1,7.01,-10.64,1,-5.6,2.34,1,4.8,-5.34,1,-13.88,False,False,False,None,0.6
-11.6642,1.1,-4.421339,0.1396262,16,1,12,5.369999,1,0.87,11.25,1,-2.7,1.639999,1,14.11,10.81,1,7.28,-6.66,1,7.01,-10.64,1,-5.6,2.34,1,4.8,-5.34,1,-13.88,False,False,False,None,0.62
-11.46569,1.1,-4.396965,0.1221728,16,1,12,5.369999,1,0.87,11.25,1,-2.7,1.639999,1,14.11,10.81,1,7.28,-6.66,1,7.01,-10.64,1,-5.6,2.34,1,4.8,-5.34,1,-13.88,False,False,False,None,0.64
-11.26678,1.1,-4.37606,0.1047195,16,1,12,5.369999,1,0.87,11.25,1,-2.7,1.639999,1,14.11,10.81,1,7.28,-6.66,1,7.01,-10.64,1,-5.6,2.34,1,4.8,-5.34,1,-13.88,False,False,False,None,0.66
-11.06755,1.1,-4.358628,0.0872663,16,1,12,5.369999,1,0.87,11.25,1,-2.7,1.639999,1,14.11,10.81,1,7.28,-6.66,1,7.01,-10.64,1,-5.6,2.34,1,4.8,-5.34,1,-13.88,False,False,False,None,0.68
-10.86864,1.1,-4.337723,0.1047195,16,1,12,5.369999,1,0.87,11.25,1,-2.7,1.639999,1,14.11,10.81,1,7.28,-6.66,1,7.01,-10.64,1,-5.6,2.34,1,4.8,-5.34,1,-13.88,False,False,False,None,0.7
-10.67013,1.1,-4.313349,0.1221728,16,1,12,5.369999,1,0.87,11.25,1,-2.7,1.639999,1,14.11,10.81,1,7.28,-6.66,1,7.01,-10.64,1,-5.6,2.34,1,4.8,-5.34,1,-13.88,False,False,False,None,0.72
-10.47208,1.1,-4.285514,0.1396262,16,1,12,5.369999,1,0.87,11.25,1,-2.7,1.639999,1,14.11,10.81,1,7.28,-6.66,1,7.01,-10.64,1,-5.6,2.34,1,4.8,-5.34,1,-13.88,False,False,False,None,0.74
-10.27454,1.1,-4.254228,0.1570795,16,1,12,5.369999,1,0.87,11.25,1,-2.7,1.639999,1,14.11,10.81,1,7.28,-6.66,1,7.01,-10.64,1,-5.6,2.34,1,4.8,-5.34,1,-13.88,False,False,False,None,0.76
-10.07758,1.1,-4.219498,0.1745327,16,1,12,5.369999,1,0.87,11.25,1,-2.7,1.639999,1,14.11,10.81,1,7.28,-6.66,1,7.01,-10.64,1,-5.6,2.34,1,4.8,-5.34,1,-13.88,False,False,False,None,0.78
-9.880043,1.1,-4.188211,0.1570793,16,1,12,5.369999,1,0.87,11.25,1,-2.7,1.639999,1,14.11,10.81,1,7.28,-6.66,1,7.01,-10.64,1,-5.6,2.34,1,4.8,-5.34,1,-13.88,False,False,False,None,0.8
-9.68199,1.1,-4.160377,0.139626,16,1,12,5.369999,1,0.87,11.25,1,-2.7,1.639999,1,14.11,10.81,1,7.28,-6.66,1,7.01,-10.64,1,-5.6,2.34,1,4.8,-5.34,1,-13.88,False,False,False,None,0.82
-9.48348,1.1,-4.136003,0.1221727,16,1,12,5.369999,1,0.87,11.25,1,-2.7,1.639999,1,14.11,10.81,1,7.28,-6.66,1,7.01,-10.64,1,-5.6,2.34,1,4.8,-5.34,1,-13.88,False,False,False,None,0.84
-9.284576,1.1,-4.115098,0.1047194,16,1,12,5.369999,1,0.87,11.25,1,-2.7,1.639999,1,14.11,10.81,1,7.28,-6.66,1,7.01,-10.64,1,-5.6,2.34,1,4.8,-5.34,1,-13.88,False,False,False,None,0.86
-9.085338,1.1,-4.097666,0.08726612,16,1,12,5.369999,1,0.87,11.25,1,-2.7,1.639999,1,14.11,10.81,1,7.28,-6.66,1,7.01,-10.64,1,-5.6,2.34,1,4.8,-5.34,1,-13.88,False,False,False,None,0.88
-8.886434,1.1,-4.076761,0.1047194,16,1,12,5.369999,1,0.87,11.25,1,-2.7,1.639999,1,14.11,10.81,1,7.28,-6.66,1,7.01,-10.64,1,-5.6,2.34,1,4.8,-5.34,1,-13.88,False,False,False,None,0.9
-8.687923,1.1,-4.052387,0.1221727,16,1,12,5.369999,1,0.87,11.25,1,-2.7,1.639999,1,14.11,10.81,1,7.28,-6.66,1,7.01,-10.64,1,-5.6,2.34,1,4.8,-5.34,1,-13.88,False,False,False,None,0.92
-8.48987,1.1,-4.024552,0.139626,16,1,12,5.369999,1,0.87,11.25,1,-2.7,1.639999,1,14.11,10.81,1,7.28,-6.66,1,7.01,-10.64,1,-5.6,2.34,1,4.8,-5.34,1,-13.88,False,False,False,None,0.94
-8.292333,1.1,-3.993266,0.1570793,16,1,12,5.369999,1,0.87,11.25,1,-2.7,1.639999,1,14.11,10.81,1,7.28,-6.66,1,7.01,-10.64,1,-5.6,2.34,1,4.8,-5.34,1,-13.88,False,False,False,None,0.96
-8.09537,1.1,-3.958536,0.1745327,16,1,12,5.369999,1,0.87,11.25,1,-2.7,1.639999,1,14.11,10.81,1,7.28,-6.66,1,7.01,-10.64,1,-5.6,2.34,1,4.8,-5.34,1,-13.88,False,False,False,None,0.98
-8.095371,1.1,-3.958536,0.191986,16,1,12,5.369999,1,0.87,11.25,1,-2.7,1.639999,1,14.11,10.81,1,7.28,-6.66,1,7.01,-10.64,1,-5.6,2.34,1,4.8,-5.34,1,-13.88,False,False,False,None,1
-8.095371,1.1,-3.958536,0.2094392,16,1,12,5.369999,1,0.87,11.25,1,-2.7,1.639999,1,14.11,10.81,1,7.28,-6.66,1,7.01,-10.64,1,-5.6,2.34,1,4.8,-5.34,1,-13.88,False,False,False,None,1.02
-8.095371,1.1,-3.958536,0.2268926,16,1,12,5.369999,1,0.87,11.25,1,-2.7,1.639999,1,14.11,10.81,1,7.28,-6.66,1,7.01,-10.64,1,-5.6,2.34,1,4.8,-5.34,1,-13.88,False,False,False,None,1.04
-8.095371,1.1,-3.958536,0.2443457,16,1,12,5.369999,1,0.87,11.25,1,-2.7,1.639999,1,14.11,10.81,1,7.28,-6.66,1,7.01,-10.64,1,-5.6,2.34,1,4.8,-5.34,1,-13.88,False,False,False,None,1.06
-8.095371,1.1,-3.958536,0.2617991,16,1,12,5.369999,1,0.87,11.25,1,-2.7,1.639999,1,14.11,10.81,1,7.28,-6.66,1,7.01,-10.64,1,-5.6,2.34,1,4.8,-5.34,1,-13.88,False,False,False,None,1.08
-7.903119,1.1,-3.903409,0.2792523,16,1,12,5.369999,1,0.87,11.25,1,-2.7,1.639999,1,14.11,10.81,1,7.28,-6.66,1,7.01,-10.64,1,-5.6,2.34,1,4.8,-5.34,1,-13.88,False,False,False,None,1.1
-7.711857,1.1,-3.844934,0.2967055,16,1,12,5.369999,1,0.87,11.25,1,-2.7,1.639999,1,14.11,10.81,1,7.28,-6.66,1,7.01,-10.64,1,-5.6,2.34,1,4.8,-5.34,1,-13.88,False,False,False,None,1.12
-7.521646,1.1,-3.783131,0.314159,16,1,12,5.369999,1,0.87,11.25,1,-2.7,1.639999,1,14.11,10.81,1,7.28,-6.66,1,7.01,-10.64,1,-5.6,2.34,1,4.8,-5.34,1,-13.88,False,False,False,None,1.14
-7.332541,1.1,-3.718018,0.3316121,16,1,12,5.369999,1,0.87,11.25,1,-2.7,1.639999,1,14.11,10.81,1,7.28,-6.66,1,7.01,-10.64,1,-5.6,2.34,1,4.8,-5.34,1,-13.88,False,False,False,None,1.16
-7.144602,1.1,-3.649614,0.3490656,16,1,12,5.369999,1,0.87,11.25,1,-2.7,1.639999,1,14.11,10.81,1,7.28,-6.66,1,7.01,-10.64,1,-5.6,2.34,1,4.8,-5.34,1,-13.88,False,False,False,None,1.18
-6.957886,1.1,-3.57794,0.3665187,16,1,12,5.369999,1,0.87,11.25,1,-2.7,1.639999,1,14.11,10.81,1,7.28,-6.66,1,7.01,-10.64,1,-5.6,2.34,1,4.8,-5.34,1,-13.88,False,False,False,None,1.2
-6.772449,1.1,-3.503019,0.383972,16,1,12,5.369999,1,0.87,11.25,1,-2.7,1.639999,1,14.11,10.81,1,7.28,-6.66,1,7.01,-10.64,1,-5.6,2.34,1,4.8,-5.34,1,-13.88,False,False,False,None,1.22
-6.588348,1.1,-3.424873,0.4014251,16,1,12,5.369999,1,0.87,11.25,1,-2.7,1.639999,1,14.11,10.81,1,7.28,-6.66,1,7.01,-10.64,1,-5.6,2.34,1,4.8,-5.34,1,-13.88,False,False,False,None,1.24
-6.405639,1.1,-3.343526,0.4188784,16,1,12,5.369999,1,0.87,11.25,1,-2.7,1.639999,1,14.11,10.81,1,7.28,-6.66,1,7.01,-10.64,1,-5.6,2.34,1,4.8,-5.34,1,-13.88,False,False,False,None,1.26
-6.224378,1.1,-3.259002,0.4363316,16,1,12,5.369999,1,0.87,11.25,1,-2.7,1.639999,1,14.11,10.81,1,7.28,-6.66,1,7.01,-10.64,1,-5.6,2.34,1,4.8,-5.34,1,-13.88,False,False,False,None,1.28
-6.043117,1.1,-3.174479,0.4363316,16,1,12,5.369999,1,0.87,11.25,1,-2.7,1.639999,1,14.11,10.81,1,7.28,-6.66,1,7.01,-10.64,1,-5.6,2.34,1,4.8,-5.34,1,-13.88,False,False,False,None,1.3
-5.861856,1.1,-3.089955,0.4363316,16,1,12,5.369999,1,0.87,11.25,1,-2.7,1.639999,1,14.11,10.81,1,7.28,-6.66,1,7.01,-10.64,1,-5.6,2.34,1,4.8,-5.34,1,-13.88,False,False,False,None,1.32
-5.680595,1.1,-3.005432,0.4363316,16,1,12,5.369999,1,0.87,11.25,1,-2.7,1.639999,1,14.11,10.81,1,7.28,-6.66,1,7.01,-10.64,1,-5.6,2.34,1,4.8,-5.34,1,-13.88,False,False,False,None,1.34
-5.499334,1.1,-2.920908,0.4363316,16,1,12,5.369999,1,0.87,11.25,1,-2.7,1.639999,1,14.11,10.81,1,7.28,-6.66,1,7.01,-10.64,1,-5.6,2.34,1,4.8,-5.34,1,-13.88,False,False,False,None,1.36
-5.318073,1.1,-2.836385,0.4363316,16,1,12,5.369999,1,0.87,11.25,1,-2.7,1.639999,1,14.11,10.81,1,7.28,-6.66,1,7.01,-10.64,1,-5.6,2.34,1,4.8,-5.34,1,-13.88,False,False,False,None,1.38
-5.136812,1.1,-2.751862,0.4363316,16,1,12,5.369999,1,0.87,11.25,1,-2.7,1.639999,1,14.11,10.81,1,7.28,-6.66,1,7.01,-10.64,1,-5.6,2.34,1,4.8,-5.34,1,-13.88,False,False,False,None,1.4
-4.955551,1.1,-2.667338,0.4363316,16,1,12,5.369999,1,0.87,11.25,1,-2.7,1.639999,1,14.11,10.81,1,7.28,-6.66,1,7.01,-10.64,1,-5.6,2.34,1,4.8,-5.34,1,-13.88,False,False,False,None,1.42
-4.77429,1.1,-2.582815,0.4363316,16,1,12,5.369999,1,0.87,11.25,1,-2.7,1.639999,1,14.11,10.81,1,7.28,-6.66,1,7.01,-10.64,1,-5.6,2.34,1,4.8,-5.34,1,-13.88,False,False,False,None,1.44
-4.593029,1.1,-2.498291,0.4363316,16,1,12,5.369999,1,0.87,11.25,1,-2.7,1.639999,1,14.11,10.81,1,7.28,-6.66,1,7.01,-10.64,1,-5.6,2.34,1,4.8,-5.34,1,-13.88,False,False,False,None,1.46
-4.411767,1.1,-2.413768,0.4363316,16,1,12,5.369999,1,0.87,11.25,1,-2.7,1.639999,1,14.11,10.81,1,7.28,-6.66,1,7.01,-10.64,1,-5.6,2.34,1,4.8,-5.34,1,-13.88,False,False,False,None,1.48
-4.229059,1.1,-2.332421,0.4188784,16,1,12,5.369999,1,0.87,11.25,1,-2.7,1.639999,1,14.11,10.81,1,7.28,-6.66,1,7.01,-10.64,1,-5.6,2.34,1,4.8,-5.34,1,-13.88,False,False,False,None,1.5
-4.044958,1.1,-2.254274,0.4014251,16,1,12,5.369999,1,0.87,11.25,1,-2.7,1.639999,1,14.11,10.81,1,7.28,-6.66,1,7.01,-10.64,1,-5.6,2.34,1,4.8,-5.34,1,-13.88,False,False,False,None,1.52
-3.859521,1.1,-2.179353,0.3839718,16,1,12,5.369999,1,0.87,11.25,1,-2.7,1.639999,1,14.11,10.81,1,7.28,-6.66,1,7.01,-10.64,1,-5.6,2.34,1,4.8,-5.34,1,-13.88,False,False,False,None,1.54
-3.672806,1.1,-2.10768,0.3665185,16,1,12,5.369999,1,0.87,11.25,1,-2.7,1.639999,1,14.11,10.81,1,7.28,-6.66,1,7.01,-10.64,1,-5.6,2.34,1,4.8,-5.34,1,-13.88,False,False,False,None,1.56
-3.484867,1.1,-2.039276,0.3490652,16,1,12,5.369999,1,0.87,11.25,1,-2.7,1.639999,1,14.11,10.81,1,7.28,-6.66,1,7.01,-10.64,1,-5.6,2.34,1,4.8,-5.34,1,-13.88,False,False,False,None,1.58
-3.298151,1.1,-1.967602,0.3665185,16,1,12,5.369999,1,0.87,11.25,1,-2.7,1.639999,1,14.11,10.81,1,7.28,-6.66,1,7.01,-10.64,1,-5.6,2.34,1,4.8,-5.34,1,-13.88,False,False,False,None,1.6
-3.112714,1.1,-1.892681,0.3839719,16,1,12,5.369999,1,0.87,11.25,1,-2.7,1.639999,1,14.11,10.81,1,7.28,-6.66,1,7.01,-10.64,1,-5.6,2.34,1,4.8,-5.34,1,-13.88,False,False,False,None,1.62
-2.928614,1.1,-1.814535,0.4014252,16,1,12,5.369999,1,0.87,11.25,1,-2.7,1.639999,1,14.11,10.81,1,7.28,-6.66,1,7.01,-10.64,1,-5.6,2.34,1,4.8,-5.34,1,-13.88,False,False,False,None,1.64
-2.745904,1.1,-1.733188,0.4188784,16,1,12,5.369999,1,0.87,11.25,1,-2.7,1.639999,1,14.11,10.81,1,7.28,-6.66,1,7.01,-10.64,1,-5.6,2.34,1,4.8,-5.34,1,-13.88,False,False,False,None,1.66
-2.564643,1.1,-1.648664,0.4363317,16,1,12,5.369999,1,0.87,11.25,1,-2.7,1.639999,1,14.11,10.81,1,7.28,-6.66,1,7.01,-10.64,1,-5.6,2.34,1,4.8,-5.34,1,-13.88,False,False,False,None,1.68
-2.384885,1.1,-1.56099,0.453785,16,1,12,5.369999,1,0.87,11.25,1,-2.7,1.639999,1,14.11,10.81,1,7.28,-6.66,1,7.01,-10.64,1,-5.6,2.34,1,4.8,-5.34,1,-13.88,False,False,False,None,1.7
-2.206684,1.1,-1.470192,0.4712384,16,1,12,5.369999,1,0.87,11.25,1,-2.7,1.639999,1,14.11,10.81,1,7.28,-6.66,1,7.01,-10.64,1,-5.6,2.34,1,4.8,-5.34,1,-13.88,False,False,False,None,1.72
-2.030095,1.1,-1.376298,0.4886917,16,1,12,5.369999,1,0.87,11.25,1,-2.7,1.639999,1,14.11,10.81,1,7.28,-6.66,1,7.01,-10.64,1,-5.6,2.34,1,4.8,-5.34,1,-13.88,False,False,False,None,1.74
-1.85517,1.1,-1.279336,0.5061449,16,1,12,5.369999,1,0.87,11.25,1,-2.7,1.639999,1,14.11,10.81,1,7.28,-6.66,1,7.01,-10.64,1,-5.6,2.34,1,4.8,-5.34,1,-13.88,False,False,False,None,1.76
-1.681964,1.1,-1.179336,0.5235982,16,1,12,5.369999,1,0.87,11.25,1,-2.7,1.639999,1,14.11,10.81,1,7.28,-6.66,1,7.01,-10.64,1,-5.6,2.34,1,4.8,-5.34,1,-13.88,False,False,False,None,1.78
-1.510531,1.1,-1.076329,0.5410515,16,1,12,5.369999,1,0.87,11.25,1,-2.7,1.639999,1,14.11,10.81,1,7.28,-6.66,1,7.01,-10.64,1,-5.6,2.34,1,4.8,-5.34,1,-13.88,False,False,False,None,1.8
-1.340921,1.1,-0.9703448,0.5585048,16,1,12,5.369999,1,0.87,11.25,1,-2.7,1.639999,1,14.11,10.81,1,7.28,-6.66,1,7.01,-10.64,1,-5.6,2.34,1,4.8,-5.34,1,-13.88,False,False,False,None,1.82
-1.173187,1.1,-0.8614171,0.575958,16,1,12,5.369999,1,0.87,11.25,1,-2.7,1.639999,1,14.11,10.81,1,7.28,-6.66,1,7.01,-10.64,1,-5.6,2.34,1,4.8,-5.34,1,-13.88,False,False,False,None,1.84
-1.00738,1.1,-0.7495786,0.5934114,16,1,12,5.369999,1,0.87,11.25,1,-2.7,1.639999,1,14.11,10.81,1,7.28,-6.66,1,7.01,-10.64,1,-5.6,2.34,1,4.8,-5.34,1,-13.88,False,False,False,None,1.86
-0.843549,1.1,-0.6348634,0.6108646,16,1,12,5.369999,1,0.87,11.25,1,-2.7,1.639999,1,14.11,10.81,1,7.28,-6.66,1,7.01,-10.64,1,-5.6,2.34,1,4.8,-5.34,1,-13.88,False,False,False,None,1.88
-0.6817462,1.1,-0.5173064,0.628318,16,1,12,5.369999,1,0.87,11.25,1,-2.7,1.639999,1,14.11,10.81,1,7.28,-6.66,1,7.01,-10.64,1,-5.6,2.34,1,4.8,-5.34,1,-13.88,False,False,False,None,1.9
-0.5220184,1.1,-0.3969435,0.6457713,16,1,12,5.369999,1,0.87,11.25,1,-2.7,1.639999,1,14.11,10.81,1,7.28,-6.66,1,7.01,-10.64,1,-5.6,2.34,1,4.8,-5.34,1,-13.88,False,False,False,None,1.92
-0.3644162,1.1,-0.2738113,0.6632245,16,1,12,5.369999,1,0.87,11.25,1,-2.7,1.639999,1,14.11,10.81,1,7.28,-6.66,1,7.01,-10.64,1,-5.6,2.34,1,4.8,-5.34,1,-13.88,False,False,False,None,1.94
-0.2089869,1.1,-0.1479474,0.6806778,16,1,12,5.369999,1,0.87,11.25,1,-2.7,1.639999,1,14.11,10.81,1,7.28,-6.66,1,7.01,-10.64,1,-5.6,2.34,1,4.8,-5.34,1,-13.88,False,False,False,None,1.96
-0.05577731,1.1,-0.01938994,0.698131,16,1,12,5.369999,1,0.87,11.25,1,-2.7,1.639999,1,14.11,10.81,1,7.28,-6.66,1,7.01,-10.64,1,-5.6,2.34,1,4.8,-5.34,1,-13.88,False,False,False,None,1.98
0.09965266,1.1,0.106474,0.6806778,16,1,12,5.369999,1,0.87,11.25,1,-2.7,1.639999,1,14.11,10.81,1,7.28,-6.66,1,7.01,-10.64,1,-5.6,2.34,1,4.8,-5.34,1,-13.88,False,False,False,None,2
0.2572554,1.1,0.2296062,0.6632246,16,1,12,5.369999,1,0.87,11.25,1,-2.7,1.639999,1,14.11,10.81,1,7.28,-6.66,1,7.01,-10.64,1,-5.6,2.34,1,4.8,-5.34,1,-13.88,False,False,False,None,2.02
0.4169827,1.1,0.3499692,0.6457713,16,1,12,5.369999,1,0.87,11.25,1,-2.7,1.639999,1,14.11,10.81,1,7.28,-6.66,1,7.01,-10.64,1,-5.6,2.34,1,4.8,-5.34,1,-13.88,False,False,False,None,2.04
0.5787861,1.1,0.4675261,0.628318,16,1,12,5.369999,1,0.87,11.25,1,-2.7,1.639999,1,14.11,10.81,1,7.28,-6.66,1,7.01,-10.64,1,-5.6,2.34,1,4.8,-5.34,1,-13.88,False,False,False,None,2.06
0.7426173,1.1,0.5822414,0.6108648,16,1,12,5.369999,1,0.87,11.25,1,-2.7,1.639999,1,14.11,10.81,1,7.28,-6.66,1,7.01,-10.64,1,-5.6,2.34,1,4.8,-5.34,1,-13.88,False,False,False,None,2.08
0.7426167,1.1,0.5822414,0.5934114,16,1,12,5.369999,1,0.87,11.25,1,-2.7,1.639999,1,14.11,10.81,1,7.28,-6.66,1,7.01,-10.64,1,-5.6,2.34,1,4.8,-5.34,1,-13.88,False,False,False,None,2.1
0.7426167,1.1,0.5822414,0.5759581,16,1,12,5.369999,1,0.87,11.25,1,-2.7,1.639999,1,14.11,10.81,1,7.28,-6.66,1,7.01,-10.64,1,-5.6,2.34,1,4.8,-5.34,1,-13.88,False,False,False,None,2.12
0.7426167,1.1,0.5822414,0.5585048,16,1,12,5.369999,1,0.87,11.25,1,-2.7,1.639999,1,14.11,10.81,1,7.28,-6.66,1,7.01,-10.64,1,-5.6,2.34,1,4.8,-5.34,1,-13.88,False,False,False,None,2.14
0.7426167,1.1,0.5822414,0.5410516,16,1,12,5.369999,1,0.87,11.25,1,-2.7,1.639999,1,14.11,10.81,1,7.28,-6.66,1,7.01,-10.64,1,-5.6,2.34,1,4.8,-5.34,1,-13.88,False,False,False,None,2.16
0.7426167,1.1,0.5822414,0.5235984,16,1,12,5.369999,1,0.87,11.25,1,-2.7,1.639999,1,14.11,10.81,1,7.28,-6.66,1,7.01,-10.64,1,-5.6,2.34,1,4.8,-5.34,1,-13.88,False,False,False,None,2.18
0.9175407,1.1,0.6792032,0.506145,16,1,12,5.369999,1,0.87,11.25,1,-2.7,1.639999,1,14.11,10.81,1,7.28,-6.66,1,7.01,-10.64,1,-5.6,2.34,1,4.8,-5.34,1,-13.88,False,False,False,None,2.2
1.094131,1.1,0.7730975,0.4886918,16,1,12,5.369999,1,0.87,11.25,1,-2.7,1.639999,1,14.11,10.81,1,7.28,-6.66,1,7.01,-10.64,1,-5.6,2.34,1,4.8,-5.34,1,-13.88,False,False,False,None,2.22
1.272333,1.1,0.8638955,0.4712386,16,1,12,5.369999,1,0.87,11.25,1,-2.7,1.639999,1,14.11,10.81,1,7.28,-6.66,1,7.01,-10.64,1,-5.6,2.34,1,4.8,-5.34,1,-13.88,False,False,False,None,2.24
1.452092,1.1,0.9515696,0.4537852,16,1,12,5.369999,1,0.87,11.25,1,-2.7,1.639999,1,14.11,10.81,1,7.28,-6.66,1,7.01,-10.64,1,-5.6,2.34,1,4.8,-5.34,1,-13.88,False,False,False,None,2.26
1.633353,1.1,1.036093,0.4363319,16,1,12,5.369999,1,0.87,11.25,1,-2.7,1.639999,1,14.11,10.81,1,7.28,-6.66,1,7.01,-10.64,1,-5.6,2.34,1,4.8,-5.34,1,-13.88,False,False,False,None,2.28
1.816061,1.1,1.11744,0.4188786,16,1,12,5.369999,1,0.87,11.25,1,-2.7,1.639999,1,14.11,10.81,1,7.28,-6.66,1,7.01,-10.64,1,-5.6,2.34,1,4.8,-5.34,1,-13.88,False,False,False,None,2.3
2.000162,1.1,1.195587,0.4014251,16,1,12,5.369999,1,0.87,11.25,1,-2.7,1.639999,1,14.11,10.81,1,7.28,-6.66,1,7.01,-10.64,1,-5.6,2.34,1,4.8,-5.34,1,-13.88,False,False,False,None,2.32
2.185599,1.1,1.270508,0.3839718,16,1,12,5.369999,1,0.87,11.25,1,-2.7,1.639999,1,14.11,10.81,1,7.28,-6.66,1,7.01,-10.64,1,-5.6,2.34,1,4.8,-5.34,1,-13.88,False,False,False,None,2.34
2.372314,1.1,1.342181,0.3665185,16,1,12,5.369999,1,0.87,11.25,1,-2.7,1.639999,1,14.11,10.81,1,7.28,-6.66,1,7.01,-10.64,1,-5.6,2.34,1,4.8,-5.34,1,-13.88,False,False,False,None,2.36
2.560253,1.1,1.410585,0.3490652,16,1,12,5.369999,1,0.87,11.25,1,-2.7,1.639999,1,14.11,10.81,1,7.28,-6.66,1,7.01,-10.64,1,-5.6,2.34,1,4.8,-5.34,1,-13.88,False,False,False,None,2.38
2.749357,1.1,1.475699,0.331612,16,1,12,5.369999,1,0.87,11.25,1,-2.7,1.639999,1,14.11,10.81,1,7.28,-6.66,1,7.01,-10.64,1,-5.6,2.34,1,4.8,-5.34,1,-13.88,False,False,False,None,2.4
2.939569,1.1,1.537502,0.3141587,16,1,12,5.369999,1,0.87,11.25,1,-2.7,1.639999,1,14.11,10.81,1,7.28,-6.66,1,7.01,-10.64,1,-5.6,2.34,1,4.8,-5.34,1,-13.88,False,False,False,None,2.42
3.130829,1.1,1.595976,0.2967055,16,1,12,5.369999,1,0.87,11.25,1,-2.7,1.639999,1,14.11,10.81,1,7.28,-6.66,1,7.01,-10.64,1,-5.6,2.34,1,4.8,-5.34,1,-13.88,False,False,False,None,2.44
3.323081,1.1,1.651104,0.2792521,16,1,12,5.369999,1,0.87,11.25,1,-2.7,1.639999,1,14.11,10.81,1,7.28,-6.66,1,7.01,-10.64,1,-5.6,2.34,1,4.8,-5.34,1,-13.88,False,False,False,None,2.46
3.516267,1.1,1.702868,0.2617989,16,1,12,5.369999,1,0.87,11.25,1,-2.7,1.639999,1,14.11,10.81,1,7.28,-6.66,1,7.01,-10.64,1,-5.6,2.34,1,4.8,-5.34,1,-13.88,False,False,False,None,2.48
3.710327,1.1,1.751252,0.2443455,16,1,12,5.369999,1,0.87,11.25,1,-2.7,1.639999,1,14.11,10.81,1,7.28,-6.66,1,7.01,-10.64,1,-5.6,2.34,1,4.8,-5.34,1,-13.88,False,False,False,None,2.5
3.905201,1.1,1.796242,0.2268923,16,1,12,5.369999,1,0.87,11.25,1,-2.7,1.639999,1,14.11,10.81,1,7.28,-6.66,1,7.01,-10.64,1,-5.6,2.34,1,4.8,-5.34,1,-13.88,False,False,False,None,2.52
4.100831,1.1,1.837824,0.2094391,16,1,12,5.369999,1,0.87,11.25,1,-2.7,1.639999,1,14.11,10.81,1,7.28,-6.66,1,7.01,-10.64,1,-5.6,2.34,1,4.8,-5.34,1,-13.88,False,False,False,None,2.54
4.297155,1.1,1.875986,0.1919857,16,1,12,5.369999,1,0.87,11.25,1,-2.7,1.639999,1,14.11,10.81,1,7.28,-6.66,1,7.01,-10.64,1,-5.6,2.34,1,4.8,-5.34,1,-13.88,False,False,False,None,2.56
4.494117,1.1,1.910715,0.1745324,16,1,12,5.369999,1,0.87,11.25,1,-2.7,1.639999,1,14.11,10.81,1,7.28,-6.66,1,7.01,-10.64,1,-5.6,2.34,1,4.8,-5.34,1,-13.88,False,False,False,None,2.58
4.691656,1.1,1.942002,0.1570792,16,1,12,5.369999,1,0.87,11.25,1,-2.7,1.639999,1,14.11,10.81,1,7.28,-6.66,1,7.01,-10.64,1,-5.6,2.34,1,4.8,-5.34,1,-13.88,False,False,False,None,2.6
4.88971,1.1,1.969837,0.1396258,16,1,12,5.369999,1,0.87,11.25,1,-2.7,1.639999,1,14.11,10.81,1,7.28,-6.66,1,7.01,-10.64,1,-5.6,2.34,1,4.8,-5.34,1,-13.88,False,False,False,None,2.62
5.088219,1.1,1.99421,0.1221725,16,1,12,5.369999,1,0.87,11.25,1,-2.7,1.639999,1,14.11,10.81,1,7.28,-6.66,1,7.01,-10.64,1,-5.6,2.34,1,4.8,-5.34,1,-13.88,False,False,False,None,2.64
5.287123,1.1,2.015116,0.1047192,16,1,12,5.369999,1,0.87,11.25,1,-2.7,1.639999,1,14.11,10.81,1,7.28,-6.66,1,7.01,-10.64,1,-5.6,2.34,1,4.8,-5.34,1,-13.88,False,False,False,None,2.66
5.486362,1.1,2.032547,0.08726594,16,1,12,5.369999,1,0.87,11.25,1,-2.7,1.639999,1,14.11,10.81,1,7.28,-6.66,1,7.01,-10.64,1,-5.6,2.34,1,4.8,-5.34,1,-13.88,False,False,False,None,2.68
5.685875,1.1,2.046498,0.06981266,16,1,12,5.369999,1,0.87,11.25,1,-2.7,1.639999,1,14.11,10.81,1,7.28,-6.66,1,7.01,-10.64,1,-5.6,2.34,1,4.8,-5.34,1,-13.88,False,False,False,None,2.7
5.885601,1.1,2.056965,0.05235942,16,1,12,5.369999,1,0.87,11.25,1,-2.7,1.639999,1,14.11,10.81,1,7.28,-6.66,1,7.01,-10.64,1,-5.6,2.34,1,4.8,-5.34,1,-13.88,False,False,False,None,2.72
6.085479,1.1,2.063945,0.0349062,16,1,12,5.369999,1,0.87,11.25,1,-2.7,1.639999,1,14.11,10.81,1,7.28,-6.66,1,7.01,-10.64,1,-5.6,2.34,1,4.8,-5.34,1,-13.88,False,False,False,None,2.74
6.28545,1.1,2.067436,0.01745283,16,1,12,5.369999,1,0.87,11.25,1,-2.7,1.639999,1,14.11,10.81,1,7.28,-6.66,1,7.01,-10.64,1,-5.6,2.34,1,4.8,-5.34,1,-13.88,False,False,False,None,2.76
6.48545,1.1,2.067436,-4.768372E-07,16,1,12,5.369999,1,0.87,11.25,1,-2.7,1.639999,1,14.11,10.81,1,7.28,-6.66,1,7.01,-10.64,1,-5.6,2.34,1,4.8,-5.34,1,-13.88,False,False,False,None,2.78
6.485451,1.1,2.067436,0.01745283,16,1,12,5.369999,1,0.87,11.25,1,-2.7,1.639999,1,14.11,10.81,1,7.28,-6.66,1,7.01,-10.64,1,-5.6,2.34,1,4.8,-5.34,1,-13.88,False,False,False,None,2.8
6.485451,1.1,2.067436,0.0349062,16,1,12,5.369999,1,0.87,11.25,1,-2.7,1.639999,1,14.11,10.81,1,7.28,-6.66,1,7.01,-10.64,1,-5.6,2.34,1,4.8,-5.34,1,-13.88,False,False,False,None,2.82
6.485451,1.1,2.067436,0.05235942,16,1,12,5.369999,1,0.87,11.25,1,-2.7,1.639999,1,14.11,10.81,1,7.28,-6.66,1,7.01,-10.64,1,-5.6,2.34,1,4.8,-5.34,1,-13.88,False,False,False,None,2.84
6.485451,1.1,2.067436,0.06981266,16,1,12,5.369999,1,0.87,11.25,1,-2.7,1.639999,1,14.11,10.81,1,7.28,-6.66,1,7.01,-10.64,1,-5.6,2.34,1,4.8,-5.34,1,-13.88,False,False,False,None,2.86
6.485451,1.1,2.067436,0.08726594,16,1,12,5.369999,1,0.87,11.25,1,-2.7,1.639999,1,14.11,10.81,1,7.28,-6.66,1,7.01,-10.64,1,-5.6,2.34,1,4.8,-5.34,1,-13.88,False,False,False,None,2.88
6.684355,1.1,2.088341,0.1047192,16,1,12,5.369999,1,0.87,11.25,1,-2.7,1.639999,1,14.11,10.81,1,7.28,-6.66,1,7.01,-10.64,1,-5.6,2.34,1,4.8,-5.34,1,-13.88,False,False,False,None,2.9
6.882864,1.1,2.112715,0.1221725,16,1,12,5.369999,1,0.87,11.25,1,-2.7,1.639999,1,14.11,10.81,1,7.28,-6.66,1,7.01,-10.64,1,-5.6,2.34,1,4.8,-5.34,1,-13.88,False,False,False,None,2.92
7.080918,1.1,2.140549,0.1396258,16,1,12,5.369999,1,0.87,11.25,1,-2.7,1.639999,1,14.11,10.81,1,7.28,-6.66,1,7.01,-10.64,1,-5.6,2.34,1,4.8,-5.34,1,-13.88,False,False,False,None,2.94
7.278455,1.1,2.171836,0.1570792,16,1,12,5.369999,1,0.87,11.25,1,-2.7,1.639999,1,14.11,10.81,1,7.28,-6.66,1,7.01,-10.64,1,-5.6,2.34,1,4.8,-5.34,1,-13.88,False,False,False,None,2.96
7.475415,1.1,2.206566,0.1745326,16,1,12,5.369999,1,0.87,11.25,1,-2.7,1.639999,1,14.11,10.81,1,7.28,-6.66,1,7.01,-10.64,1,-5.6,2.34,1,4.8,-5.34,1,-13.88,False,False,False,None,2.98
7.67174,1.1,2.244727,0.1919857,16,1,12,5.369999,1,0.87,11.25,1,-2.7,1.639999,1,14.11,10.81,1,7.28,-6.66,1,7.01,-10.64,1,-5.6,2.34,1,4.8,-5.34,1,-13.88,False,False,False,None,3
7.867367,1.1,2.28631,0.2094391,16,1,12,5.369999,1,0.87,11.25,1,-2.7,1.639999,1,14.11,10.81,1,7.28,-6.66,1,7.01,-10.64,1,-5.6,2.34,1,4.8,-5.34,1,-13.88,False,False,False,None,3.02
8.062241,1.1,2.3313,0.2268924,16,1,12,5.369999,1,0.87,11.25,1,-2.7,1.639999,1,14.11,10.81,1,7.28,-6.66,1,7.01,-10.64,1,-5.6,2.34,1,4.8,-5.34,1,-13.88,False,False,False,None,3.04
8.2563,1.1,2.379684,0.2443455,16,1,12,5.369999,1,0.87,11.25,1,-2.7,1.639999,1,14.11,10.81,1,7.28,-6.66,1,7.01,-10.64,1,-5.6,2.34,1,4.8,-5.34,1,-13.88,False,False,False,None,3.06
8.449487,1.1,2.431448,0.2617989,16,1,12,5.369999,1,0.87,11.25,1,-2.7,1.639999,1,14.11,10.81,1,7.28,-6.66,1,7.01,-10.64,1,-5.6,2.34,1,4.8,-5.34,1,-13.88,False,False,False,None,3.08
8.641738,1.1,2.486575,0.2792521,16,1,12,5.369999,1,0.87,11.25,1,-2.7,1.639999,1,14.11,10.81,1,7.28,-6.66,1,7.01,-10.64,1,-5.6,2.34,1,4.8,-5.34,1,-13.88,False,False,False,None,3.1
8.833,1.1,2.545049,0.2967054,16,1,12,5.369999,1,0.87,11.25,1,-2.7,1.639999,1,14.11,10.81,1,7.28,-6.66,1,7.01,-10.64,1,-5.6,2.34,1,4.8,-5.34,1,-13.88,False,False,False,None,3.12
9.023211,1.1,2.606853,0.3141589,16,1,12,5.369999,1,0.87,11.25,1,-2.7,1.639999,1,14.11,10.81,1,7.28,-6.66,1,7.01,-10.64,1,-5.6,2.34,1,4.8,-5.34,1,-13.88,False,False,False,None,3.14
9.212317,1.1,2.671966,0.331612,16,1,12,5.369999,1,0.87,11.25,1,-2.7,1.639999,1,14.11,10.81,1,7.28,-6.66,1,7.01,-10.64,1,-5.6,2.34,1,4.8,-5.34,1,-13.88,False,False,False,None,3.16
9.400257,1.1,2.74037,0.3490652,16,1,12,5.369999,1,0.87,11.25,1,-2.7,1.639999,1,14.11,10.81,1,7.28,-6.66,1,7.01,-10.64,1,-5.6,2.34,1,4.8,-5.34,1,-13.88,False,False,False,None,3.18
9.400257,1.1,2.74037,0.3665185,16,1,12,5.369999,1,0.87,11.25,1,-2.7,1.639999,1,14.11,10.81,1,7.28,-6.66,1,7.01,-10.64,1,-5.6,2.34,1,4.8,-5.34,1,-13.88,False,False,False,None,3.2
9.400257,1.1,2.74037,0.3839719,16,1,12,5.369999,1,0.87,11.25,1,-2.7,1.639999,1,14.11,10.81,1,7.28,-6.66,1,7.01,-10.64,1,-5.6,2.34,1,4.8,-5.34,1,-13.88,False,False,False,None,3.22
9.400257,1.1,2.74037,0.4014252,16,1,12,5.369999,1,0.87,11.25,1,-2.7,1.639999,1,14.11,10.81,1,7.28,-6.66,1,7.01,-10.64,1,-5.6,2.34,1,4.8,-5.34,1,-13.88,False,False,False,None,3.24
9.400257,1.1,2.74037,0.4188784,16,1,12,5.369999,1,0.87,11.25,1,-2.7,1.639999,1,14.11,10.81,1,7.28,-6.66,1,7.01,-10.64,1,-5.6,2.34,1,4.8,-5.34,1,-13.88,False,False,False,None,3.26
9.400257,1.1,2.74037,0.4363317,16,1,12,5.369999,1,0.87,11.25,1,-2.7,1.639999,1,14.11,10.81,1,7.28,-6.66,1,7.01,-10.64,1,-5.6,2.34,1,4.8,-5.34,1,-13.88,False,False,False,None,3.28
9.580016,1.1,2.828044,0.453785,16,1,12,5.369999,1,0.87,11.25,1,-2.7,1.639999,1,14.11,10.81,1,7.28,-6.66,1,7.01,-10.64,1,-5.6,2.34,1,4.8,-5.34,1,-13.88,False,False,False,None,3.3
9.758219,1.1,2.918842,0.4712384,16,1,12,5.369999,1,0.87,11.25,1,-2.7,1.639999,1,14.11,10.81,1,7.28,-6.66,1,7.01,-10.64,1,-5.6,2.34,1,4.8,-5.34,1,-13.88,False,False,False,None,3.32
9.934807,1.1,3.012737,0.4886917,16,1,12,5.369999,1,0.87,11.25,1,-2.7,1.639999,1,14.11,10.81,1,7.28,-6.66,1,7.01,-10.64,1,-5.6,2.34,1,4.8,-5.34,1,-13.88,False,False,False,None,3.34
10.10973,1.1,3.109698,0.5061449,16,1,12,5.369999,1,0.87,11.25,1,-2.7,1.639999,1,14.11,10.81,1,7.28,-6.66,1,7.01,-10.64,1,-5.6,2.34,1,4.8,-5.34,1,-13.88,False,False,False,None,3.36
10.28294,1.1,3.209698,0.5235982,16,1,12,5.369999,1,0.87,11.25,1,-2.7,1.639999,1,14.11,10.81,1,7.28,-6.66,1,7.01,-10.64,1,-5.6,2.34,1,4.8,-5.34,1,-13.88,False,False,False,None,3.38
10.45437,1.1,3.312706,0.5410515,16,1,12,5.369999,1,0.87,11.25,1,-2.7,1.639999,1,14.11,10.81,1,7.28,-6.66,1,7.01,-10.64,1,-5.6,2.34,1,4.8,-5.34,1,-13.88,False,False,False,None,3.4
10.62398,1.1,3.418689,0.5585048,16,1,12,5.369999,1,0.87,11.25,1,-2.7,1.639999,1,14.11,10.81,1,7.28,-6.66,1,7.01,-10.64,1,-5.6,2.34,1,4.8,-5.34,1,-13.88,False,False,False,None,3.42
10.79171,1.1,3.527617,0.575958,16,1,12,5.369999,1,0.87,11.25,1,-2.7,1.639999,1,14.11,10.81,1,7.28,-6.66,1,7.01,-10.64,1,-5.6,2.34,1,4.8,-5.34,1,-13.88,False,False,False,None,3.44
10.95752,1.1,3.639456,0.5934114,16,1,12,5.369999,1,0.87,11.25,1,-2.7,1.639999,1,14.11,10.81,1,7.28,-6.66,1,7.01,-10.64,1,-5.6,2.34,1,4.8,-5.34,1,-13.88,False,False,False,None,3.46
11.12135,1.1,3.754171,0.6108646,16,1,12,5.369999,1,0.87,11.25,1,-2.7,1.639999,1,14.11,10.81,1,7.28,-6.66,1,7.01,-10.64,1,-5.6,2.34,1,4.8,-5.34,1,-13.88,False,False,False,None,3.48
11.28315,1.1,3.871728,0.628318,16,1,12,5.369999,1,0.87,11.25,1,-2.7,1.639999,1,14.11,10.81,1,7.28,-6.66,1,7.01,-10.64,1,-5.6,2.34,1,4.8,-5.34,1,-13.88,False,False,False,None,3.5
11.44288,1.1,3.992091,0.6457713,16,1,12,5.369999,1,0.87,11.25,1,-2.7,1.639999,1,14.11,10.81,1,7.28,-6.66,1,7.01,-10.64,1,-5.6,2.34,1,4.8,-5.34,1,-13.88,False,False,False,None,3.52
11.60048,1.1,4.115223,0.6632245,16,1,12,5.369999,1,0.87,11.25,1,-2.7,1.639999,1,14.11,10.81,1,7.28,-6.66,1,7.01,-10.64,1,-5.6,2.34,1,4.8,-5.34,1,-13.88,False,False,False,None,3.54
11.75591,1.1,4.241087,0.6806778,16,1,12,5.369999,1,0.87,11.25,1,-2.7,1.639999,1,14.11,10.81,1,7.28,-6.66,1,7.01,-10.64,1,-5.6,2.34,1,4.8,-5.34,1,-13.88,False,False,False,None,3.56
11.90912,1.1,4.369644,0.698131,16,1,12,5.369999,1,0.87,11.25,1,-2.7,1.639999,1,14.11,10.81,1,7.28,-6.66,1,7.01,-10.64,1,-5.6,2.34,1,4.8,-5.34,1,-13.88,False,False,False,None,3.58
11.90912,1.1,4.369644,0.7155844,16,1,12,5.369999,1,0.87,11.25,1,-2.7,1.639999,1,14.11,10.81,1,7.28,-6.66,1,7.01,-10.64,1,-5.6,2.34,1,4.8,-5.34,1,-13.88,False,False,False,None,3.6
11.90912,1.1,4.369644,0.7330377,16,1,12,5.369999,1,0.87,11.25,1,-2.7,1.639999,1,14.11,10.81,1,7.28,-6.66,1,7.01,-10.64,1,-5.6,2.34,1,4.8,-5.34,1,-13.88,False,False,False,None,3.62
11.90912,1.1,4.369644,0.750491,16,1,12,5.369999,1,0.87,11.25,1,-2.7,1.639999,1,14.11,10.81,1,7.28,-6.66,1,7.01,-10.64,1,-5.6,2.34,1,4.8,-5.34,1,-13.88,False,False,False,None,3.64
11.90912,1.1,4.369644,0.7679444,16,1,12,5.369999,1,0.87,11.25,1,-2.7,1.639999,1,14.11,10.81,1,7.28,-6.66,1,7.01,-10.64,1,-5.6,2.34,1,4.8,-5.34,1,-13.88,False,False,False,None,3.66
11.90912,1.1,4.369644,0.7853976,16,1,12,5.369999,1,0.87,11.25,1,-2.7,1.639999,1,14.11,10.81,1,7.28,-6.66,1,7.01,-10.64,1,-5.6,2.34,1,4.8,-5.34,1,-13.88,False,False,False,None,3.68
12.04805,1.1,4.513512,0.8028509,16,1,12,5.369999,1,0.87,11.25,1,-2.7,1.639999,1,14.11,10.81,1,7.28,-6.66,1,7.01,-10.64,1,-5.6,2.34,1,4.8,-5.34,1,-13.88,False,False,False,None,3.7
12.18445,1.1,4.659783,0.8203042,16,1,12,5.369999,1,0.87,11.25,1,-2.7,1.639999,1,14.11,10.81,1,7.28,-6.66,1,7.01,-10.64,1,-5.6,2.34,1,4.8,-5.34,1,-13.88,False,False,False,None,3.72
12.31827,1.1,4.808412,0.8377575,16,1,12,5.369999,1,0.87,11.25,1,-2.7,1.639999,1,14.11,10.81,1,7.28,-6.66,1,7.01,-10.64,1,-5.6,2.34,1,4.8,-5.34,1,-13.88,False,False,False,None,3.74
12.44949,1.1,4.959353,0.8552108,16,1,12,5.369999,1,0.87,11.25,1,-2.7,1.639999,1,14.11,10.81,1,7.28,-6.66,1,7.01,-10.64,1,-5.6,2.34,1,4.8,-5.34,1,-13.88,False,False,False,None,3.76
12.57804,1.1,5.112562,0.872664,16,1,12,5.369999,1,0.87,11.25,1,-2.7,1.639999,1,14.11,10.81,1,7.28,-6.66,1,7.01,-10.64,1,-5.6,2.34,1,4.8,-5.34,1,-13.88,False,False,False,None,3.78
12.57804,1.1,5.112562,0.8901174,16,1,12,5.369999,1,0.87,11.25,1,-2.7,1.639999,1,14.11,10.81,1,7.28,-6.66,1,7.01,-10.64,1,-5.6,2.34,1,4.8,-5.34,1,-13.88,False,False,False,None,3.8
12.57804,1.1,5.112562,0.9075707,16,1,12,5.369999,1,0.87,11.25,1,-2.7,1.639999,1,14.11,10.81,1,7.28,-6.66,1,7.01,-10.64,1,-5.6,2.34,1,4.8,-5.34,1,-13.88,False,False,False,None,3.82
12.57804,1.1,5.112562,0.925024,16,1,12,5.369999,1,0.87,11.25,1,-2.7,1.639999,1,14.11,10.81,1,7.28,-6.66,1,7.01,-10.64,1,-5.6,2.34,1,4.8,-5.34,1,-13.88,False,False,False,None,3.84
12.57804,1.1,5.112562,0.9424772,16,1,12,5.369999,1,0.87,11.25,1,-2.7,1.639999,1,14.11,10.81,1,7.28,-6.66,1,7.01,-10.64,1,-5.6,2.34,1,4.8,-5.34,1,-13.88,False,False,False,None,3.86
12.57804,1.1,5.112562,0.9599305,16,1,12,5.369999,1,0.87,11.25,1,-2.7,1.639999,1,14.11,10.81,1,7.28,-6.66,1,7.01,-10.64,1,-5.6,2.34,1,4.8,-5.34,1,-13.88,False,False,False,None,3.88
12.68988,1.1,5.278369,0.9773839,16,1,12,5.369999,1,0.87,11.25,1,-2.7,1.639999,1,14.11,10.81,1,7.28,-6.66,1,7.01,-10.64,1,-5.6,2.34,1,4.8,-5.34,1,-13.88,False,False,False,None,3.9
12.79881,1.1,5.446104,0.9948372,16,1,12,5.369999,1,0.87,11.25,1,-2.7,1.639999,1,14.11,10.81,1,7.28,-6.66,1,7.01,-10.64,1,-5.6,2.34,1,4.8,-5.34,1,-13.88,False,False,False,None,3.92
12.90479,1.1,5.615713,1.01229,16,1,12,5.369999,1,0.87,11.25,1,-2.7,1.639999,1,14.11,10.81,1,7.28,-6.66,1,7.01,-10.64,1,-5.6,2.34,1,4.8,-5.34,1,-13.88,False,False,False,None,3.94
13.0078,1.1,5.787147,1.029744,16,1,12,5.369999,1,0.87,11.25,1,-2.7,1.639999,1,14.11,10.81,1,7.28,-6.66,1,7.01,-10.64,1,-5.6,2.34,1,4.8,-5.34,1,-13.88,False,False,False,None,3.96
13.1078,1.1,5.960351,1.047197,16,1,12,5.369999,1,0.87,11.25,1,-2.7,1.639999,1,14.11,10.81,1,7.28,-6.66,1,7.01,-10.64,1,-5.6,2.34,1,4.8,-5.34,1,-13.88,False,False,False,None,3.98
13.20477,1.1,6.135275,1.06465,16,1,12,5.369999,1,0.87,11.25,1,-2.7,1.639999,1,14.11,10.81,1,7.28,-6.66,1,7.01,-10.64,1,-5.6,2.34,1,4.8,-5.34,1,-13.88,False,False,False,None,4
13.29866,1.1,6.311865,1.082103,16,1,12,5.369999,1,0.87,11.25,1,-2.7,1.639999,1,14.11,10.81,1,7.28,-6.66,1,7.01,-10.64,1,-5.6,2.34,1,4.8,-5.34,1,-13.88,False,False,False,None,4.02
13.38946,1.1,6.490066,1.099557,16,1,12,5.369999,1,0.87,11.25,1,-2.7,1.639999,1,14.11,10.81,1,7.28,-6.66,1,7.01,-10.64,1,-5.6,2.34,1,4.8,-5.34,1,-13.88,False,False,False,None,4.04
13.47713,1.1,6.669825,1.11701,16,1,12,5.369999,1,0.87,11.25,1,-2.7,1.639999,1,14.11,10.81,1,7.28,-6.66,1,7.01,-10.64,1,-5.6,2.34,1,4.8,-5.34,1,-13.88,False,False,False,None,4.06
13.56166,1.1,6.851086,1.134463,16,1,12,5.369999,1,0.87,11.25,1,-2.7,1.639999,1,14.11,10.81,1,7.28,-6.66,1,7.01,-10.64,1,-5.6,2.34,1,4.8,-5.34,1,-13.88,False,False,False,None,4.08
13.64618,1.1,7.032348,1.134463,16,1,12,5.369999,1,0.87,11.25,1,-2.7,1.639999,1,14.11,10.81,1,7.28,-6.66,1,7.01,-10.64,1,-5.6,2.34,1,4.8,-5.34,1,-13.88,False,False,False,None,4.1
13.7307,1.1,7.213609,1.134463,16,1,12,5.369999,1,0.87,11.25,1,-2.7,1.639999,1,14.11,10.81,1,7.28,-6.66,1,7.01,-10.64,1,-5.6,2.34,1,4.8,-5.34,1,-13.88,False,False,False,None,4.12
13.81523,1.1,7.394871,1.134463,16,1,12,5.369999,1,0.87,11.25,1,-2.7,1.639999,1,14.11,10.81,1,7.28,-6.66,1,7.01,-10.64,1,-5.6,2.34,1,4.8,-5.34,1,-13.88,False,False,False,None,4.14
13.89976,1.1,7.576132,1.134463,16,1,12,5.369999,1,0.87,11.25,1,-2.7,1.639999,1,14.11,10.81,1,7.28,-6.66,1,7.01,-10.64,1,-5.6,2.34,1,4.8,-5.34,1,-13.88,False,False,False,None,4.16
13.98428,1.1,7.757394,1.134463,16,1,12,5.369999,1,0.87,11.25,1,-2.7,1.639999,1,14.11,10.81,1,7.28,-6.66,1,7.01,-10.64,1,-5.6,2.34,1,4.8,-5.34,1,-13.88,False,False,False,None,4.18
14.06881,1.1,7.938655,1.134463,16,1,12,5.369999,1,0.87,11.25,1,-2.7,1.639999,1,14.11,10.81,1,7.28,-6.66,1,7.01,-10.64,1,-5.6,2.34,1,4.8,-5.34,1,-13.88,False,False,False,None,4.2
14.15333,1.1,8.119917,1.134463,16,1,12,5.369999,1,0.87,11.25,1,-2.7,1.639999,1,14.11,10.81,1,7.28,-6.66,1,7.01,-10.64,1,-5.6,2.34,1,4.8,-5.34,1,-13.88,False,False,False,None,4.22
14.23786,1.1,8.301178,1.134463,16,1,12,5.369999,1,0.87,11.25,1,-2.7,1.639999,1,14.11,10.81,1,7.28,-6.66,1,7.01,-10.64,1,-5.6,2.34,1,4.8,-5.34,1,-13.88,False,False,False,None,4.24
14.32239,1.1,8.482439,1.134463,16,1,12,5.369999,1,0.87,11.25,1,-2.7,1.639999,1,14.11,10.81,1,7.28,-6.66,1,7.01,-10.64,1,-5.6,2.34,1,4.8,-5.34,1,-13.88,False,False,False,None,4.26
14.40691,1.1,8.6637,1.134463,16,1,12,5.369999,1,0.87,11.25,1,-2.7,1.639999,1,14.11,10.81,1,7.28,-6.66,1,7.01,-10.64,1,-5.6,2.34,1,4.8,-5.34,1,-13.88,False,False,False,None,4.28
14.49459,1.1,8.843459,1.11701,16,1,12,5.369999,1,0.87,11.25,1,-2.7,1.639999,1,14.11,10.81,1,7.28,-6.66,1,7.01,-10.64,1,-5.6,2.34,1,4.8,-5.34,1,-13.88,False,False,False,None,4.3
14.58539,1.1,9.021661,1.099557,16,1,12,5.369999,1,0.87,11.25,1,-2.7,1.639999,1,14.11,10.81,1,7.28,-6.66,1,7.01,-10.64,1,-5.6,2.34,1,4.8,-5.34,1,-13.88,False,False,False,None,4.32
14.67928,1.1,9.19825,1.082104,16,1,12,5.369999,1,0.87,11.25,1,-2.7,1.639999,1,14.11,10.81,1,7.28,-6.66,1,7.01,-10.64,1,-5.6,2.34,1,4.8,-5.34,1,-13.88,False,False,False,None,4.34
14.77624,1.1,9.373174,1.06465,16,1,12,5.369999,1,0.87,11.25,1,-2.7,1.639999,1,14.11,10.81,1,7.28,-6.66,1,7.01,-10.64,1,-5.6,2.34,1,4.8,-5.34,1,-13.88,False,False,False,None,4.36
14.87624,1.1,9.546379,1.047197,16,1,12,5.369999,1,0.87,11.25,1,-2.7,1.639999,1,14.11,10.81,1,7.28,-6.66,1,7.01,-10.64,1,-5.6,2.34,1,4.8,-5.34,1,-13.88,False,False,False,None,4.38
14.97321,1.1,9.721303,1.06465,16,1,12,5.369999,1,0.87,11.25,1,-2.7,1.639999,1,14.11,10.81,1,7.28,-6.66,1,7.01,-10.64,1,-5.6,2.34,1,4.8,-5.34,1,-13.88,False,False,False,None,4.4
15.0671,1.1,9.897892,1.082104,16,1,12,5.369999,1,0.87,11.25,1,-2.7,1.639999,1,14.11,10.81,1,7.28,-6.66,1,7.01,-10.64,1,-5.6,2.34,1,4.8,-5.34,1,-13.88,False,False,False,None,4.42
15.1579,1.1,10.07609,1.099557,16,1,12,5.369999,1,0.87,11.25,1,-2.7,1.639999,1,14.11,10.81,1,7.28,-6.66,1,7.01,-10.64,1,-5.6,2.34,1,4.8,-5.34,1,-13.88,False,False,False,None,4.44
15.24557,1.1,10.25585,1.11701,16,1,12,5.369999,1,0.87,11.25,1,-2.7,1.639999,1,14.11,10.81,1,7.28,-6.66,1,7.01,-10.64,1,-5.6,2.34,1,4.8,-5.34,1,-13.88,False,False,False,None,4.46
15.3301,1.1,10.43711,1.134464,16,1,12,5.369999,1,0.87,11.25,1,-2.7,1.639999,1,14.11,10.81,1,7.28,-6.66,1,7.01,-10.64,1,-5.6,2.34,1,4.8,-5.34,1,-13.88,False,False,False,None,4.48
15.41144,1.1,10.61982,1.151917,16,1,12,5.369999,1,0.87,11.25,1,-2.7,1.639999,1,14.11,10.81,1,7.28,-6.66,1,7.01,-10.64,1,-5.6,2.34,1,4.8,-5.34,1,-13.88,False,False,False,None,4.5
15.48959,1.1,10.80392,1.16937,16,1,12,5.369999,1,0.87,11.25,1,-2.7,1.639999,1,14.11,10.81,1,7.28,-6.66,1,7.01,-10.64,1,-5.6,2.34,1,4.8,-5.34,1,-13.88,False,False,False,None,4.52
15.56451,1.1,10.98936,1.186823,16,1,12,5.369999,1,0.87,11.25,1,-2.7,1.639999,1,14.11,10.81,1,7.28,-6.66,1,7.01,-10.64,1,-5.6,2.34,1,4.8,-5.34,1,-13.88,False,False,False,None,4.54
15.63618,1.1,11.17608,1.204277,16,1,12,5.369999,1,0.87,11.25,1,-2.7,1.639999,1,14.11,10.81,1,7.28,-6.66,1,7.01,-10.64,1,-5.6,2.34,1,4.8,-5.34,1,-13.88,False,False,False,None,4.56
15.70459,1.1,11.36402,1.22173,16,1,12,5.369999,1,0.87,11.25,1,-2.7,1.639999,1,14.11,10.81,1,7.28,-6.66,1,7.01,-10.64,1,-5.6,2.34,1,4.8,-5.34,1,-13.88,False,False,False,Red Target Object,4.58
15.70928,1.1,11.40653,1.204277,16,1,12,5.369999,1,0.87,11.25,1,-2.7,1.639999,1,14.11,10.81,1,7.28,-6.66,1,7.01,-10.64,1,-5.6,2.34,1,4.8,-5.34,1,-13.88,False,False,False,Red Target Object,4.6
15.70004,1.1,11.42015,1.186822,16,1,12,5.369999,1,0.87,11.25,1,-2.7,1.639999,1,14.11,10.81,1,7.28,-6.66,1,7.01,-10.64,1,-5.6,2.34,1,4.8,-5.34,1,-13.88,False,False,False,Red Target Object,4.62
15.68733,1.1,11.42863,1.16937,16,1,12,5.369999,1,0.87,11.25,1,-2.7,1.639999,1,14.11,10.81,1,7.28,-6.66,1,7.01,-10.64,1,-5.6,2.34,1,4.8,-5.34,1,-13.88,False,False,False,Red Target Object,4.64
15.67318,1.1,11.43682,1.151917,16,1,12,5.369999,1,0.87,11.25,1,-2.7,1.639999,1,14.11,10.81,1,7.28,-6.66,1,7.01,-10.64,1,-5.6,2.34,1,4.8,-5.34,1,-13.88,False,False,False,Red Target Object,4.66
15.65778,1.1,11.44589,1.134464,16,1,12,5.369999,1,0.87,11.25,1,-2.7,1.639999,1,14.11,10.81,1,7.28,-6.66,1,7.01,-10.64,1,-5.6,2.34,1,4.8,-5.34,1,-13.88,False,False,False,Red Target Object,4.68
15.55322,1.1,11.27659,1.117012,16,1,12,5.369999,1,0.87,11.25,1,-2.7,1.639999,1,14.11,10.81,1,7.28,-6.66,1,7.01,-10.64,1,-5.6,2.34,1,4.8,-5.34,1,-13.88,False,False,False,Red Target Object,4.7
15.53231,1.1,11.24273,1.099559,16,1,12,5.369999,1,0.87,11.25,1,-2.7,1.639999,1,14.11,10.81,1,7.28,-6.66,1,7.01,-10.64,1,-5.6,2.34,1,4.8,-5.34,1,-13.88,False,False,False,Red Target Object,4.72
15.52813,1.1,11.23596,1.082106,16,1,12,5.369999,1,0.87,11.25,1,-2.7,1.639999,1,14.11,10.81,1,7.28,-6.66,1,7.01,-10.64,1,-5.6,2.34,1,4.8,-5.34,1,-13.88,False,False,False,Red Target Object,4.74
15.52729,1.1,11.23461,1.064652,16,1,12,5.369999,1,0.87,11.25,1,-2.7,1.639999,1,14.11,10.81,1,7.28,-6.66,1,7.01,-10.64,1,-5.6,2.34,1,4.8,-5.34,1,-13.88,False,False,False,Red Target Object,4.76
15.52712,1.1,11.23433,1.047199,16,1,12,5.369999,1,0.87,11.25,1,-2.7,1.639999,1,14.11,10.81,1,7.28,-6.66,1,7.01,-10.64,1,-5.6,2.34,1,4.8,-5.34,1,-13.88,False,False,False,Red Target Object,4.78
15.6301,1.1,11.40571,1.029746,16,1,12,5.369999,1,0.87,11.25,1,-2.7,1.639999,1,14.11,10.81,1,7.28,-6.66,1,7.01,-10.64,1,-5.6,2.34,1,4.8,-5.34,1,-13.88,False,False,False,Red Target Object,4.8
15.65153,1.1,11.43949,1.012292,16,1,12,5.369999,1,0.87,11.25,1,-2.7,1.639999,1,14.11,10.81,1,7.28,-6.66,1,7.01,-10.64,1,-5.6,2.34,1,4.8,-5.34,1,-13.88,False,False,False,Red Target Object,4.82
